0.0,0.0,0.0,0.0
0.010644912719726562,0.45,-0.02,0.01
0.02274298667907715,0.45,-0.04,0.01
0.033844947814941406,0.46,-0.06,0.01
0.04485487937927246,0.47,-0.07,0.01
0.05710315704345703,0.47,-0.08,0.01
0.06987214088439941,0.48,-0.1,0.01
0.08262205123901367,0.48,-0.11,0.02
0.09537100791931152,0.49,-0.13,0.02
0.10622477531433105,0.49,-0.14,0.02
0.1190330982208252,0.5,-0.15,0.02
0.13139104843139648,0.5,-0.16,0.03
0.14371490478515625,0.5,-0.17,0.03
0.156494140625,0.51,-0.19,0.03
0.1678910255432129,0.51,-0.2,0.03
0.18034005165100098,0.52,-0.2,0.04
0.19315099716186523,0.52,-0.22,0.04
0.20414090156555176,0.52,-0.23,0.04
0.21651506423950195,0.53,-0.24,0.04
0.22747015953063965,0.53,-0.25,0.04
0.23989510536193848,0.54,-0.26,0.04
0.2526421546936035,0.54,-0.27,0.04
0.2635519504547119,0.55,-0.28,0.05
0.27628493309020996,0.55,-0.29,0.05
0.28673410415649414,0.55,-0.3,0.05
0.2994530200958252,0.55,-0.31,0.06
0.3121950626373291,0.55,-0.32,0.06
0.3249349594116211,0.56,-0.32,0.06
0.33769917488098145,0.56,-0.34,0.06
0.3500101566314697,0.57,-0.34,0.06
0.36074090003967285,0.57,-0.35,0.06
0.3719620704650879,0.57,-0.36,0.07
0.38411688804626465,0.57,-0.37,0.07
0.39606809616088867,0.57,-0.38,0.07
0.40744805335998535,0.57,-0.39,0.08
0.41835689544677734,0.57,-0.39,0.08
0.43021321296691895,0.58,-0.4,0.08
0.44254589080810547,0.58,-0.41,0.09
0.455035924911499,0.59,-0.41,0.09
0.46709609031677246,0.59,-0.42,0.09
0.4786369800567627,0.59,-0.43,0.09
0.49054789543151855,0.59,-0.43,0.09
0.5027360916137695,0.59,-0.43,0.1
0.5145559310913086,0.6,-0.44,0.1
0.5260779857635498,0.6,-0.46,0.1
0.5372300148010254,0.6,-0.46,0.11
0.549976110458374,0.6,-0.46,0.11
0.5627279281616211,0.61,-0.47,0.11
0.5750710964202881,0.61,-0.48,0.11
0.5868139266967773,0.62,-0.43,0.05
0.5973711013793945,0.59,-0.45,-0.08
0.6102049350738525,0.6,-0.4,-0.27
0.6225299835205078,0.52,-0.43,-0.58
0.6348800659179688,0.65,-0.44,-0.44
0.6464681625366211,0.63,-0.44,-0.36
0.6590561866760254,0.62,-0.45,-0.31
0.6716809272766113,0.56,-0.52,-0.4
0.6842939853668213,0.51,-0.52,-0.58
0.6968991756439209,0.39,-0.33,-0.7
0.7095150947570801,0.28,-0.26,-0.8
0.7221429347991943,0.1,-0.22,-1.1
0.7347710132598877,-0.17,-0.66,-1.26
0.7473940849304199,-0.59,-0.85,-1.59
0.759131908416748,-0.59,-0.85,-1.59
0.7703390121459961,-0.59,-0.85,-1.59
0.7830510139465332,-0.81,-1.11,-1.74
0.7937049865722656,-0.81,-1.11,-1.74
0.8051450252532959,-1.21,-1.51,-1.85
0.8169500827789307,-1.21,-1.51,-1.85
0.8270888328552246,-1.21,-1.51,-1.85
0.8385128974914551,-1.68,-1.24,-1.95
0.8494880199432373,-1.68,-1.24,-1.95
0.8619298934936523,-2.1,-0.98,-2.02
0.8728489875793457,-2.1,-0.98,-2.02
0.8829529285430908,-2.1,-0.98,-2.02
0.8943979740142822,-2.38,-0.91,-1.89
0.9052321910858154,-2.38,-0.91,-1.89
0.9159209728240967,-2.3,-0.97,-1.76
0.9272849559783936,-2.3,-0.97,-1.76
0.9419729709625244,-2.17,-0.71,-1.79
0.9526488780975342,-2.17,-0.71,-1.79
0.9648549556732178,-2.17,-0.71,-1.79
0.9751589298248291,-1.85,-0.33,-1.8
0.9877340793609619,-1.85,-0.33,-1.8
1.0005099773406982,-1.08,-0.45,-1.7
1.0130579471588135,-1.08,-0.45,-1.7
1.0240161418914795,-0.64,-0.55,-1.63
1.0349349975585938,-0.64,-0.55,-1.63
1.0464448928833008,-0.64,-0.55,-1.63
1.059067964553833,-0.47,-0.59,-1.79
1.0715949535369873,-0.47,-0.59,-1.79
1.082273006439209,-0.53,-0.2,-2.08
1.0932810306549072,-0.53,-0.2,-2.08
1.1059119701385498,-0.11,0.13,-2.25
1.11844801902771,-0.11,0.13,-2.25
1.130981206893921,-0.11,0.13,-2.25
1.1435980796813965,0.37,0.4,-2.41
1.1561310291290283,0.37,0.4,-2.41
1.1687569618225098,0.65,0.41,-2.57
1.1797220706939697,0.65,0.41,-2.57
1.192370891571045,0.78,0.31,-2.6
1.2049641609191895,0.78,0.31,-2.6
1.2152059078216553,0.78,0.31,-2.6
1.2266218662261963,0.6,0.45,-2.25
1.2391819953918457,0.6,0.45,-2.25
1.2519629001617432,0.48,0.51,-1.62
1.263897180557251,0.48,0.51,-1.62
1.2751390933990479,0.4,0.58,-1.16
1.2861499786376953,0.4,0.58,-1.16
1.2982089519500732,0.4,0.58,-1.16
1.3102200031280518,0.19,0.97,0.05
1.320518970489502,0.19,0.97,0.05
1.3319318294525146,-0.04,1.73,2.27
1.3444857597351074,-0.04,1.73,2.27
1.3571529388427734,0.31,2.07,4.92
1.3674039840698242,0.31,2.07,4.92
1.3799660205841064,0.31,2.07,4.92
1.3907170295715332,0.86,2.47,7.35
1.4017558097839355,0.86,2.47,7.35
1.4131200313568115,1.17,3.1,8.98
1.4242949485778809,1.17,3.1,8.98
1.4351990222930908,1.17,3.1,8.98
1.447099208831787,1.8,3.63,11.52
1.4586670398712158,1.8,3.63,11.52
1.4714419841766357,2.73,3.85,14.14
1.482578992843628,2.73,3.85,14.14
1.4947559833526611,2.73,3.85,14.14
1.5073180198669434,3.77,3.69,16.65
1.5189220905303955,3.77,3.69,16.65
1.5313160419464111,4.21,3.52,18.37
1.5438599586486816,4.21,3.52,18.37
1.5542519092559814,4.8,3.91,21.18
1.5657100677490234,4.8,3.91,21.18
1.5760481357574463,4.8,3.91,21.18
1.5864429473876953,5.72,3.98,23.97
1.5970098972320557,5.72,3.98,23.97
1.6098580360412598,6.15,3.62,26.6
1.6215739250183105,6.15,3.62,26.6
1.6323199272155762,6.15,3.62,26.6
1.6449909210205078,6.4,4.01,29.13
1.657573938369751,6.4,4.01,29.13
1.6702451705932617,6.88,4.02,30.84
1.6820108890533447,6.88,4.02,30.84
1.6936628818511963,7.39,3.48,33.38
1.7048759460449219,7.39,3.48,33.38
1.7170579433441162,7.89,3.71,35.65
1.7277309894561768,7.89,3.71,35.65
1.7378931045532227,7.89,3.71,35.65
1.7492539882659912,8.14,3.57,37.42
1.7594711780548096,8.14,3.57,37.42
1.7733728885650635,7.92,3.06,38.45
1.7859368324279785,7.92,3.06,38.45
1.7985520362854004,7.9,2.51,39.93
1.8103229999542236,7.9,2.51,39.93
1.821617841720581,7.9,2.51,39.93
1.8323659896850586,8.11,2.0,40.65
1.8434510231018066,8.11,2.0,40.65
1.8536040782928467,8.11,2.0,40.65
1.8663840293884277,7.71,1.35,39.78
1.8789339065551758,7.71,1.35,39.78
1.891122817993164,6.73,1.05,37.78
1.9035968780517578,6.73,1.05,37.78
1.9146502017974854,6.35,0.5,36.36
1.9272379875183105,6.35,0.5,36.36
1.9400279521942139,5.68,-0.42,33.19
1.9506409168243408,5.68,-0.42,33.19
1.9607560634613037,5.68,-0.42,33.19
1.9721510410308838,4.08,-0.51,29.25
1.9831609725952148,4.08,-0.51,29.25
1.9958000183105469,2.95,-0.37,26.48
2.008354902267456,2.95,-0.37,26.48
2.0231730937957764,3.07,-0.59,24.93
2.0357298851013184,3.07,-0.59,24.93
2.048485040664673,3.14,-1.21,21.59
2.0600969791412354,3.14,-1.21,21.59
2.0726521015167236,3.14,-1.21,21.59
2.0834970474243164,2.39,-1.93,17.79
2.096061944961548,2.39,-1.93,17.79
2.10725998878479,2.66,-1.94,15.88
2.1182031631469727,2.66,-1.94,15.88
2.1308059692382812,2.66,-1.94,15.88
2.141723871231079,3.09,-2.05,13.76
2.153485059738159,3.09,-2.05,13.76
2.1639020442962646,2.7,-2.28,11.68
2.1764628887176514,2.7,-2.28,11.68
2.1875948905944824,1.9,-2.59,8.04
2.1979689598083496,1.9,-2.59,8.04
2.208123207092285,1.9,-2.59,8.04
2.2195310592651367,1.99,-1.9,4.91
2.2310290336608887,1.99,-1.9,4.91
2.2415690422058105,1.99,-1.9,4.91
2.2519731521606445,2.17,-1.58,2.74
2.2638661861419678,2.17,-1.58,2.74
2.2753260135650635,1.98,-1.85,1.49
2.2855379581451416,1.98,-1.85,1.49
2.296602964401245,1.98,-1.85,1.49
2.3079919815063477,1.55,-2.37,-1.43
2.3194727897644043,1.55,-2.37,-1.43
2.331199884414673,1.17,-1.79,-4.01
2.3420968055725098,1.17,-1.79,-4.01
2.353637933731079,1.17,-1.79,-4.01
2.365949869155884,1.4,-1.2,-5.74
2.3785059452056885,1.4,-1.2,-5.74
2.391278028488159,0.62,-1.43,-8.1
2.4018969535827637,0.62,-1.43,-8.1
2.4142870903015137,-0.12,-1.41,-9.79
2.426208019256592,-0.12,-1.41,-9.79
2.436339855194092,-0.12,-1.41,-9.79
2.4491429328918457,-0.24,-0.98,-11.89
2.4605679512023926,-0.24,-0.98,-11.89
2.4729998111724854,-0.46,-1.65,-14.16
2.4839260578155518,-0.46,-1.65,-14.16
2.4940690994262695,-0.46,-1.65,-14.16
2.5056040287017822,-1.45,-2.27,-16.26
2.516274929046631,-1.45,-2.27,-16.26
2.5266082286834717,-2.03,-1.97,-17.45
2.5384681224823,-2.03,-1.97,-17.45
2.5489230155944824,-2.56,-2.09,-19.2
2.56093692779541,-2.56,-2.09,-19.2
2.572105884552002,-2.56,-2.09,-19.2
2.583311080932617,-2.77,-2.9,-21.06
2.5941131114959717,-2.77,-2.9,-21.06
2.6054608821868896,-3.07,-2.72,-22.3
2.6175270080566406,-3.07,-2.72,-22.3
2.6337480545043945,-3.35,-2.97,-23.13
2.6459341049194336,-3.35,-2.97,-23.13
2.657550096511841,-3.35,-2.97,-23.13
2.6695570945739746,-3.36,-3.81,-23.9
2.6809580326080322,-3.36,-3.81,-23.9
2.691988945007324,-3.05,-4.2,-25.06
2.704559087753296,-3.05,-4.2,-25.06
2.716737985610962,-3.07,-3.52,-25.84
2.7283718585968018,-3.07,-3.52,-25.84
2.740931987762451,-3.07,-3.52,-25.84
2.752476930618286,-2.72,-3.9,-26.41
2.7633001804351807,-2.72,-3.9,-26.41
2.775562047958374,-2.33,-4.06,-26.96
2.7871649265289307,-2.33,-4.06,-26.96
2.7976648807525635,-2.1,-3.7,-27.48
2.809951066970825,-2.1,-3.7,-27.48
2.8208389282226562,-2.1,-3.7,-27.48
2.832118034362793,-2.08,-3.84,-27.56
2.8443989753723145,-2.08,-3.84,-27.56
2.856234073638916,-1.87,-4.08,-27.43
2.8688089847564697,-1.87,-4.08,-27.43
2.883594036102295,-1.6,-3.58,-27.32
2.8942809104919434,-1.6,-3.58,-27.32
2.9048268795013428,-1.6,-3.58,-27.32
2.9167020320892334,-1.42,-2.9,-26.84
2.927608013153076,-1.42,-2.9,-26.84
2.938767194747925,-0.9,-2.12,-25.45
2.9497509002685547,-0.9,-2.12,-25.45
2.9620449542999268,-0.9,-2.12,-25.45
2.9743380546569824,-0.46,-2.04,-23.98
2.986268997192383,-0.46,-2.04,-23.98
2.9990580081939697,-0.34,-1.59,-23.27
3.009490966796875,-0.34,-1.59,-23.27
3.0207009315490723,-0.34,-1.59,-23.27
3.031116008758545,0.14,-1.19,-21.86
3.04313588142395,0.14,-1.19,-21.86
3.0535171031951904,0.73,-1.48,-20.77
3.064484119415283,0.73,-1.48,-20.77
3.0746381282806396,0.73,-1.48,-20.77
3.0873680114746094,1.5,-1.59,-19.65
3.09995698928833,1.5,-1.59,-19.65
3.112658977508545,1.98,-0.22,-18.52
3.123337984085083,1.98,-0.22,-18.52
3.1360220909118652,2.66,1.13,-16.48
3.146914005279541,2.66,1.13,-16.48
3.1592020988464355,3.42,1.03,-14.68
3.1700780391693115,3.42,1.03,-14.68
3.181238889694214,3.42,1.03,-14.68
3.1915760040283203,4.58,1.1,-12.17
3.20357084274292,4.58,1.1,-12.17
3.214725971221924,4.58,1.1,-12.17
3.2251179218292236,5.08,2.51,-10.08
3.237682819366455,5.08,2.51,-10.08
3.250471830368042,5.05,3.37,-7.86
3.263037919998169,5.05,3.37,-7.86
3.274385929107666,5.14,2.86,-5.18
3.2852699756622314,5.14,2.86,-5.18
3.2958340644836426,5.14,2.86,-5.18
3.30682110786438,5.5,2.09,-2.88
3.3187918663024902,5.5,2.09,-2.88
3.3312580585479736,5.97,1.77,0.01
3.3424482345581055,5.97,1.77,0.01
3.354214906692505,5.97,1.77,0.01
3.366928815841675,5.74,1.93,2.44
3.3772919178009033,5.74,1.93,2.44
3.389173984527588,5.57,1.09,5.49
3.401723861694336,5.57,1.09,5.49
3.412552833557129,5.8,0.28,7.52
3.424546003341675,5.8,0.28,7.52
3.434684991836548,5.8,0.28,7.52
3.4460339546203613,6.29,-0.4,9.46
3.457149028778076,6.29,-0.4,9.46
3.467472791671753,6.19,-0.53,10.38
3.48003888130188,6.19,-0.53,10.38
3.491199016571045,6.19,-0.53,10.38
3.5039920806884766,5.62,-0.45,11.89
3.516545057296753,5.62,-0.45,11.89
3.5292859077453613,6.19,-1.33,14.01
3.5414841175079346,6.19,-1.33,14.01
3.5535359382629395,6.68,-1.97,15.06
3.5658249855041504,6.68,-1.97,15.06
3.578294038772583,6.91,-3.0,16.47
3.5914649963378906,6.91,-3.0,16.47
3.602414131164551,6.91,-3.0,16.47
3.614461898803711,5.84,-2.76,17.7
3.625566005706787,5.84,-2.76,17.7
3.6373839378356934,5.24,-3.04,19.36
3.648422956466675,5.24,-3.04,19.36
3.66109299659729,5.37,-3.38,20.32
3.672498941421509,5.37,-3.38,20.32
3.6850619316101074,5.37,-3.38,20.32
3.695854902267456,5.26,-3.55,20.79
3.7066490650177,5.26,-3.55,20.79
3.718928098678589,5.22,-3.5,20.67
3.7315189838409424,5.22,-3.5,20.67
3.7436211109161377,5.39,-3.58,20.55
3.7537970542907715,5.39,-3.58,20.55
3.7638919353485107,5.39,-3.58,20.55
3.7761220932006836,5.61,-3.45,19.78
3.7870070934295654,5.61,-3.45,19.78
3.7983689308166504,5.76,-3.41,18.81
3.8109288215637207,5.76,-3.41,18.81
3.8214190006256104,5.76,-3.41,18.81
3.8341989517211914,5.68,-3.14,16.42
3.8455610275268555,5.68,-3.14,16.42
3.8560450077056885,4.64,-3.11,13.48
3.866328001022339,4.64,-3.11,13.48
3.8770320415496826,4.64,-3.11,13.48
3.887407064437866,4.36,-3.42,10.95
3.8984198570251465,4.36,-3.42,10.95
3.9111809730529785,4.78,-3.34,9.36
3.923746109008789,4.78,-3.34,9.36
3.936511993408203,5.13,-3.26,7.36
3.9481029510498047,5.13,-3.26,7.36
3.9604721069335938,5.13,-3.26,7.36
3.9726760387420654,4.15,-3.06,5.24
3.9845571517944336,4.15,-3.06,5.24
3.9948840141296387,3.01,-3.51,2.35
4.006886959075928,3.01,-3.51,2.35
4.022032022476196,2.15,-4.18,0.02
4.0342230796813965,2.15,-4.18,0.02
4.045456171035767,2.15,-4.18,0.02
4.056840896606445,1.71,-4.42,-1.3
4.066976070404053,1.71,-4.42,-1.3
4.078052043914795,0.99,-4.85,-3.7
4.089050769805908,0.99,-4.85,-3.7
4.104084014892578,0.61,-5.31,-6.52
4.1166510581970215,0.61,-5.31,-6.52
4.132607936859131,0.5,-5.6,-9.95
4.145185947418213,0.5,-5.6,-9.95
4.157220125198364,0.5,-5.6,-9.95
4.170022964477539,-0.11,-5.91,-12.39
4.182405948638916,-0.11,-5.91,-12.39
4.1930530071258545,-1.78,-6.71,-16.53
4.205621957778931,-1.78,-6.71,-16.53
4.218415021896362,-2.82,-5.51,-20.27
4.230970144271851,-2.82,-5.51,-20.27
4.243184804916382,-2.97,-4.66,-23.38
4.255757093429565,-2.97,-4.66,-23.38
4.271811008453369,-3.36,-5.12,-25.95
4.282399892807007,-3.36,-5.12,-25.95
4.2925848960876465,-3.36,-5.12,-25.95
4.3037450313568115,-4.08,-5.51,-27.11
4.3144121170043945,-4.08,-5.51,-27.11
4.326519966125488,-5.27,-5.75,-28.21
4.337759971618652,-5.27,-5.75,-28.21
4.3492431640625,-5.27,-5.75,-28.21
4.360640048980713,-6.5,-6.03,-29.51
4.373193979263306,-6.5,-6.03,-29.51
4.384066104888916,-7.22,-6.41,-30.95
4.395047903060913,-7.22,-6.41,-30.95
4.405442953109741,-7.22,-6.41,-30.95
4.418426036834717,-7.27,-6.35,-31.78
4.429826974868774,-7.27,-6.35,-31.78
4.44106388092041,-7.42,-6.17,-32.58
4.45362401008606,-7.42,-6.17,-32.58
4.4645020961761475,-7.79,-5.83,-32.84
4.476538181304932,-7.79,-5.83,-32.84
4.493072986602783,-7.77,-5.55,-32.71
4.504472970962524,-7.77,-5.55,-32.71
4.517024040222168,-7.77,-5.55,-32.71
4.5283989906311035,-7.02,-5.22,-32.28
4.540956974029541,-7.02,-5.22,-32.28
4.5524001121521,-6.27,-4.68,-31.75
4.564949035644531,-6.27,-4.68,-31.75
4.57771110534668,-5.05,-4.44,-30.47
4.590930938720703,-5.05,-4.44,-30.47
4.603740930557251,-3.46,-3.9,-28.83
4.615675926208496,-3.46,-3.9,-28.83
4.6323230266571045,-0.79,-3.15,-26.72
4.642737865447998,-0.79,-3.15,-26.72
4.653840065002441,-0.79,-3.15,-26.72
4.66661810874939,2.03,-2.89,-24.59
4.679120779037476,2.03,-2.89,-24.59
4.690446138381958,3.56,-2.96,-23.32
4.701338052749634,3.56,-2.96,-23.32
4.7138848304748535,3.56,-2.96,-23.32
4.726089954376221,5.26,-2.72,-21.37
4.738692045211792,5.26,-2.72,-21.37
4.750308990478516,6.66,-1.57,-19.39
4.762892961502075,6.66,-1.57,-19.39
4.773240089416504,7.42,-0.0,-18.03
4.785815954208374,7.42,-0.0,-18.03
4.7971861362457275,7.39,0.81,-17.42
4.809751987457275,7.39,0.81,-17.42
4.820527076721191,7.39,0.81,-17.42
4.830888986587524,6.88,1.8,-16.68
4.842832803726196,6.88,1.8,-16.68
4.855621099472046,6.67,2.26,-15.96
4.86807918548584,6.67,2.26,-15.96
4.882126092910767,6.85,2.11,-15.3
4.8923561573028564,6.85,2.11,-15.3
4.9045000076293945,6.85,2.11,-15.3
4.91729998588562,7.84,1.75,-14.86
4.928661108016968,7.84,1.75,-14.86
4.940205097198486,9.0,1.71,-14.69
4.951145887374878,9.0,1.71,-14.69
4.962388038635254,9.0,1.71,-14.69
4.973887920379639,11.9,2.08,-14.39
4.98504900932312,11.9,2.08,-14.39
4.997939109802246,17.15,2.23,-13.54
5.010512828826904,17.15,2.23,-13.54
5.023279190063477,23.37,1.92,-12.09
5.035830974578857,23.37,1.92,-12.09
5.050049066543579,28.14,0.8,-10.42
5.062602996826172,28.14,0.8,-10.42
5.073221206665039,28.14,0.8,-10.42
5.085990905761719,30.01,-0.08,-9.35
5.096596956253052,30.01,-0.08,-9.35
5.106951951980591,33.03,-1.1,-7.75
5.117897987365723,33.03,-1.1,-7.75
5.132080793380737,37.71,-1.77,-6.36
5.14463210105896,37.71,-1.77,-6.36
5.160671949386597,42.05,-2.69,-4.63
5.171916961669922,42.05,-2.69,-4.63
5.182018995285034,42.05,-2.69,-4.63
5.192368030548096,43.79,-3.18,-3.63
5.2048561573028564,43.79,-3.18,-3.63
5.215224027633667,44.01,-3.55,-2.99
5.22618293762207,44.01,-3.55,-2.99
5.238742113113403,44.01,-3.55,-2.99
5.251550912857056,44.38,-3.89,-2.61
5.2618958950042725,44.38,-3.89,-2.61
5.273191928863525,45.89,-4.27,-2.06
5.28416895866394,45.89,-4.27,-2.06
5.295448064804077,45.89,-4.27,-2.06
5.306782007217407,46.18,-4.28,-1.92
5.318753004074097,46.18,-4.28,-1.92
5.330128908157349,44.93,-3.92,-2.35
5.340923070907593,44.93,-3.92,-2.35
5.351936101913452,44.93,-3.92,-2.35
5.36247706413269,41.7,-3.16,-3.37
5.373558044433594,41.7,-3.16,-3.37
5.385803937911987,38.69,-2.58,-4.22
5.396631956100464,38.69,-2.58,-4.22
5.410528898239136,34.43,-2.1,-5.19
5.422244071960449,34.43,-2.1,-5.19
5.432607889175415,34.43,-2.1,-5.19
5.443440198898315,29.96,-1.8,-5.94
5.45539402961731,29.96,-1.8,-5.94
5.468159914016724,23.4,-1.23,-6.62
5.480722904205322,23.4,-1.23,-6.62
5.493530750274658,20.0,-1.11,-6.88
5.5059919357299805,20.0,-1.11,-6.88
5.5161120891571045,20.0,-1.11,-6.88
5.527522087097168,16.94,-0.16,-7.22
5.539477109909058,16.94,-0.16,-7.22
5.5519020557403564,12.88,0.86,-7.44
5.563876152038574,12.88,0.86,-7.44
5.574061155319214,12.88,0.86,-7.44
5.585477113723755,10.76,0.93,-7.35
5.596442937850952,10.76,0.93,-7.35
5.6077880859375,8.27,1.06,-7.49
5.619550943374634,8.27,1.06,-7.49
5.631649017333984,5.02,1.85,-7.58
5.6442108154296875,5.02,1.85,-7.58
5.654890060424805,5.02,1.85,-7.58
5.667485952377319,0.6,3.16,-7.67
5.680027961730957,0.6,3.16,-7.67
5.692655086517334,-3.3,3.54,-7.84
5.705183982849121,-3.3,3.54,-7.84
5.717802047729492,-4.9,3.61,-8.24
5.730331897735596,-4.9,3.61,-8.24
5.7429540157318115,-6.96,3.94,-8.16
5.755482196807861,-6.96,3.94,-8.16
5.770895004272461,-9.97,3.72,-7.8
5.783504009246826,-9.97,3.72,-7.8
5.7995078563690186,-12.14,3.95,-7.87
5.811140060424805,-12.14,3.95,-7.87
5.823692083358765,-12.14,3.95,-7.87
5.836468935012817,-13.71,4.09,-7.89
5.848469018936157,-13.71,4.09,-7.89
5.859173774719238,-17.01,4.45,-7.86
5.8705151081085205,-17.01,4.45,-7.86
5.881626844406128,-19.82,4.6,-8.03
5.89418888092041,-19.82,4.6,-8.03
5.9053590297698975,-19.82,4.6,-8.03
5.9158241748809814,-21.59,4.07,-8.01
5.92839503288269,-21.59,4.07,-8.01
5.939119100570679,-23.15,3.81,-8.02
5.950085878372192,-23.15,3.81,-8.02
5.96264910697937,-23.15,3.81,-8.02
5.97544002532959,-24.36,3.84,-8.12
5.988002061843872,-24.36,3.84,-8.12
6.000778913497925,-25.63,4.17,-8.05
6.0133280754089355,-25.63,4.17,-8.05
6.026072978973389,-26.14,4.5,-7.71
6.036259174346924,-26.14,4.5,-7.71
6.049398899078369,-26.02,4.65,-7.67
6.059627056121826,-26.02,4.65,-7.67
6.069751024246216,-26.02,4.65,-7.67
6.081126928329468,-25.93,4.69,-7.6
6.093125104904175,-25.93,4.69,-7.6
6.103487968444824,-25.2,4.74,-7.35
6.115416049957275,-25.2,4.74,-7.35
6.125536918640137,-25.2,4.74,-7.35
6.137091159820557,-23.53,4.6,-7.0
6.147802114486694,-23.53,4.6,-7.0
6.160567045211792,-20.94,3.95,-6.77
6.173112154006958,-20.94,3.95,-6.77
6.184197187423706,-20.94,3.95,-6.77
6.195512056350708,-17.82,3.12,-6.7
6.206448078155518,-17.82,3.12,-6.7
6.216734886169434,-15.2,2.67,-6.63
6.2293009757995605,-15.2,2.67,-6.63
6.242093086242676,-10.99,1.87,-6.59
6.253784894943237,-10.99,1.87,-6.59
6.264235973358154,-10.99,1.87,-6.59
6.276910066604614,-7.92,1.15,-6.56
6.287773847579956,-7.92,1.15,-6.56
6.299210071563721,-4.96,0.65,-5.9
6.311768054962158,-4.96,0.65,-5.9
6.323107004165649,-4.96,0.65,-5.9
6.3358941078186035,-2.48,0.41,-5.4
6.348467111587524,-2.48,0.41,-5.4
6.360706090927124,1.5,0.31,-4.91
6.37299108505249,1.5,0.31,-4.91
6.383984088897705,5.24,0.27,-4.49
6.396023988723755,5.24,0.27,-4.49
6.409715890884399,9.2,-0.14,-3.97
6.420387029647827,9.2,-0.14,-3.97
6.4315550327301025,9.2,-0.14,-3.97
6.444346189498901,13.7,-0.28,-3.91
6.456912040710449,13.7,-0.28,-3.91
6.469702959060669,17.08,-0.31,-3.99
6.480103969573975,17.08,-0.31,-3.99
6.491844892501831,21.51,-0.14,-3.9
6.502340078353882,21.51,-0.14,-3.9
6.513477087020874,21.51,-0.14,-3.9
6.523891925811768,24.11,-0.39,-3.48
6.53563117980957,24.11,-0.39,-3.48
6.548973083496094,26.2,-0.6,-3.07
6.561553001403809,26.2,-0.6,-3.07
6.574053764343262,28.41,-0.66,-2.73
6.584636926651001,28.41,-0.66,-2.73
6.595278978347778,28.41,-0.66,-2.73
6.607600927352905,32.08,-1.2,-1.99
6.620177984237671,32.08,-1.2,-1.99
6.632967948913574,33.79,-1.92,-1.1
6.644866943359375,33.79,-1.92,-1.1
6.655272006988525,33.79,-1.92,-1.1
6.667364120483398,35.04,-2.68,-0.33
6.678294897079468,35.04,-2.68,-0.33
6.691076040267944,36.74,-3.35,0.28
6.701694011688232,36.74,-3.35,0.28
6.712922811508179,36.74,-3.35,0.28
6.725698947906494,37.25,-3.4,0.49
6.741634130477905,36.45,-2.93,0.51
6.754181146621704,36.45,-2.93,0.51
6.770195007324219,34.36,-2.34,0.3
6.782752990722656,34.36,-2.34,0.3
6.79886794090271,31.04,-1.45,-0.13
6.8107850551605225,31.04,-1.45,-0.13
6.823358058929443,31.04,-1.45,-0.13
6.834693193435669,26.41,-0.28,-0.74
6.8454999923706055,26.41,-0.28,-0.74
6.8558549880981445,23.05,0.48,-0.98
6.8677449226379395,23.05,0.48,-0.98
6.880887985229492,18.37,1.62,-1.14
6.891450881958008,18.37,1.62,-1.14
6.90400505065918,18.37,1.62,-1.14
6.916754961013794,14.76,2.9,-1.34
6.927224159240723,14.76,2.9,-1.34
6.940005779266357,11.36,3.92,-1.68
6.9525580406188965,11.36,3.92,-1.68
6.965353965759277,8.69,4.54,-1.95
6.976115942001343,8.69,4.54,-1.95
6.986191034317017,8.69,4.54,-1.95
6.9965691566467285,4.53,5.18,-2.27
7.0085248947143555,4.53,5.18,-2.27
7.021270990371704,1.55,6.08,-2.61
7.0332558155059814,1.55,6.08,-2.61
7.048588037490845,-1.18,7.05,-3.0
7.061130046844482,-1.18,7.05,-3.0
7.074128150939941,-3.89,7.41,-3.34
7.084652900695801,-3.89,7.41,-3.34
7.096833944320679,-3.89,7.41,-3.34
7.107209920883179,-5.4,7.72,-3.62
7.119077205657959,-5.4,7.72,-3.62
7.130748987197876,-7.39,8.22,-4.05
7.143330097198486,-7.39,8.22,-4.05
7.154339075088501,-7.39,8.22,-4.05
7.165707111358643,-8.76,8.53,-4.57
7.178256034851074,-8.76,8.53,-4.57
7.1910011768341064,-9.7,8.41,-5.17
7.203555107116699,-9.7,8.41,-5.17
7.215037822723389,-10.21,8.12,-5.66
7.227453947067261,-10.21,8.12,-5.66
7.241331100463867,-10.8,7.46,-6.89
7.253754138946533,-10.8,7.46,-6.89
7.263920783996582,-10.8,7.46,-6.89
7.275312185287476,-11.93,6.87,-8.59
7.287268877029419,-11.93,6.87,-8.59
7.299600124359131,-13.62,5.58,-10.32
7.310920000076294,-13.62,5.58,-10.32
7.323599100112915,-14.28,4.03,-12.33
7.335159063339233,-14.28,4.03,-12.33
7.346740007400513,-14.28,4.03,-12.33
7.3583831787109375,-14.25,2.96,-14.06
7.3684470653533936,-14.25,2.96,-14.06
7.380556106567383,-14.59,1.51,-17.37
7.390801906585693,-14.59,1.51,-17.37
7.402921915054321,-14.59,1.51,-17.37
7.413349866867065,-15.62,0.6,-20.07
7.425899028778076,-15.62,0.6,-20.07
7.437747001647949,-16.09,-0.18,-22.35
7.449146032333374,-16.09,-0.18,-22.35
7.45966100692749,-16.09,-0.18,-22.35
7.472443103790283,-16.03,-1.16,-25.43
7.4850099086761475,-16.03,-1.16,-25.43
7.495465040206909,-16.35,-2.07,-27.54
7.508037090301514,-16.35,-2.07,-27.54
7.520540952682495,-17.27,-3.15,-29.7
7.531434059143066,-17.27,-3.15,-29.7
7.543980121612549,-17.27,-3.15,-29.7
7.556797981262207,-17.26,-3.52,-31.84
7.567889928817749,-17.26,-3.52,-31.84
7.579329967498779,-17.07,-3.81,-34.16
7.591909885406494,-17.07,-3.81,-34.16
7.6025121212005615,-17.42,-4.42,-35.48
7.613506078720093,-17.42,-4.42,-35.48
7.626055955886841,-17.42,-4.42,-35.48
7.638103008270264,-18.12,-4.93,-36.77
7.650083065032959,-18.12,-4.93,-36.77
7.66044807434082,-17.94,-4.72,-37.28
7.671828985214233,-17.94,-4.72,-37.28
7.6877281665802,-17.4,-4.38,-37.74
7.700296878814697,-17.4,-4.38,-37.74
7.710908889770508,-17.4,-4.38,-37.74
7.723684072494507,-17.28,-4.15,-37.6
7.734256029129028,-17.28,-4.15,-37.6
7.7455360889434814,-17.05,-3.92,-37.12
7.756453037261963,-17.05,-3.92,-37.12
7.768464803695679,-17.05,-3.92,-37.12
7.781269073486328,-15.96,-3.52,-35.42
7.7918541431427,-15.96,-3.52,-35.42
7.802238941192627,-14.5,-3.32,-32.75
7.814173936843872,-14.5,-3.32,-32.75
7.827004909515381,-14.15,-3.7,-30.1
7.83838415145874,-14.15,-3.7,-30.1
7.850387096405029,-14.15,-3.7,-30.1
7.8613440990448,-13.34,-3.78,-26.99
7.872955083847046,-13.34,-3.78,-26.99
7.8835530281066895,-12.1,-3.61,-24.6
7.895439147949219,-12.1,-3.61,-24.6
7.907506942749023,-12.1,-3.61,-24.6
7.917862892150879,-10.74,-3.12,-21.18
7.928800106048584,-10.74,-3.12,-21.18
7.939216136932373,-10.44,-2.39,-17.76
7.9501190185546875,-10.44,-2.39,-17.76
7.96626615524292,-9.5,-1.12,-14.03
7.976417064666748,-9.5,-1.12,-14.03
7.988474130630493,-9.5,-1.12,-14.03
8.000826120376587,-8.24,0.57,-10.52
8.013379096984863,-8.24,0.57,-10.52
8.026324033737183,-7.77,1.86,-8.4
8.038467168807983,-7.77,1.86,-8.4
8.051284074783325,-7.2,3.66,-4.51
8.062593936920166,-7.2,3.66,-4.51
8.07687497138977,-5.94,4.93,-0.35
8.08943510055542,-5.94,4.93,-0.35
8.101279020309448,-5.94,4.93,-0.35
8.112612009048462,-4.56,6.14,3.3
8.125486135482788,-4.56,6.14,3.3
8.135863065719604,-3.62,7.27,5.91
8.146785020828247,-3.62,7.27,5.91
8.157016038894653,-3.62,7.27,5.91
8.169780015945435,-2.41,8.69,9.54
8.182332992553711,-2.41,8.69,9.54
8.193480014801025,-1.4,9.35,12.44
8.205772876739502,-1.4,9.35,12.44
8.216816902160645,0.22,9.61,15.39
8.228686094284058,0.22,9.61,15.39
8.2447030544281,1.61,9.69,18.03
8.255171060562134,1.61,9.69,18.03
8.265413761138916,1.61,9.69,18.03
8.275593042373657,1.61,9.69,18.03
8.288157939910889,1.61,9.69,18.03
8.299795866012573,2.09,9.45,21.18
8.311813831329346,2.09,9.45,21.18
8.322000980377197,2.09,9.45,21.18
8.334426879882812,2.45,8.97,22.57
8.346358060836792,2.45,8.97,22.57
8.359141111373901,2.45,8.97,22.57
8.37064504623413,2.45,8.97,22.57
8.382553100585938,2.99,8.59,23.75
8.393141031265259,2.99,8.59,23.75
8.40865683555603,2.39,8.36,23.53
8.419365167617798,2.39,8.36,23.53
8.429533004760742,2.39,8.36,23.53
8.441226959228516,2.36,7.83,23.05
8.451314926147461,2.36,7.83,23.05
8.465818881988525,2.65,7.06,21.79
8.478385925292969,2.65,7.06,21.79
8.494469165802002,2.59,6.25,19.38
8.504621028900146,2.59,6.25,19.38
8.517177104949951,2.59,6.25,19.38
8.529924154281616,2.17,5.63,17.45
8.542480945587158,2.17,5.63,17.45
8.555219888687134,1.22,4.56,14.48
8.567135095596313,1.22,4.56,14.48
8.57991099357605,0.3,3.47,11.37
8.592315912246704,0.3,3.47,11.37
8.605090141296387,-1.27,2.91,8.46
8.61764407157898,-1.27,2.91,8.46
8.630383014678955,-2.66,2.91,6.54
8.642942905426025,-2.66,2.91,6.54
8.65551495552063,-2.66,2.91,6.54
8.668325185775757,-4.82,3.16,3.61
8.680896043777466,-4.82,3.16,3.61
8.693676948547363,-6.36,3.2,1.09
8.706225872039795,-6.36,3.2,1.09
8.718975067138672,-7.83,3.13,-0.79
8.731528997421265,-7.83,3.13,-0.79
8.744323968887329,-8.92,3.08,-2.09
8.7568838596344,-8.92,3.08,-2.09
8.769674062728882,-8.96,2.89,-2.52
8.782228946685791,-8.96,2.89,-2.52
8.797705888748169,-7.89,2.29,-2.8
8.810261964797974,-7.89,2.29,-2.8
8.826250076293945,-6.39,1.54,-3.16
8.838798999786377,-6.39,1.54,-3.16
8.849961042404175,-6.39,1.54,-3.16
8.860637903213501,-4.16,0.86,-3.31
8.872253894805908,-4.16,0.86,-3.31
8.884469032287598,-1.99,0.21,-3.43
8.897029161453247,-1.99,0.21,-3.43
8.908342123031616,2.12,-1.13,-3.67
8.9200279712677,2.12,-1.13,-3.67
8.93154001235962,2.12,-1.13,-3.67
8.944325923919678,5.83,-2.09,-3.91
8.956878900527954,5.83,-2.09,-3.91
8.967173099517822,8.48,-2.07,-4.34
8.978097915649414,8.48,-2.07,-4.34
8.990159034729004,8.48,-2.07,-4.34
9.002778053283691,12.1,-1.8,-4.83
9.015367984771729,12.1,-1.8,-4.83
9.029688119888306,15.0,-1.72,-5.09
9.041436910629272,15.0,-1.72,-5.09
9.052104949951172,18.64,-1.81,-5.15
9.06328296661377,18.64,-1.81,-5.15
9.076120138168335,21.72,-1.88,-5.17
9.088690996170044,21.72,-1.88,-5.17
9.099581003189087,21.72,-1.88,-5.17
9.10990309715271,25.58,-1.91,-5.36
9.12070083618164,25.58,-1.91,-5.36
9.13106393814087,28.34,-2.01,-5.35
9.142618179321289,28.34,-2.01,-5.35
9.158231019973755,31.89,-2.29,-5.14
9.17078185081482,31.89,-2.29,-5.14
9.182387113571167,31.89,-2.29,-5.14
9.194233179092407,34.06,-2.36,-5.01
9.204581022262573,34.06,-2.36,-5.01
9.215322971343994,35.82,-2.52,-5.0
9.226773977279663,35.82,-2.52,-5.0
9.239089965820312,35.82,-2.52,-5.0
9.250171184539795,38.04,-2.63,-5.06
9.262085914611816,38.04,-2.63,-5.06
9.273529052734375,39.15,-2.64,-5.13
9.28548288345337,39.15,-2.64,-5.13
9.297403812408447,38.5,-2.59,-5.38
9.308872938156128,38.5,-2.59,-5.38
9.320057153701782,38.5,-2.59,-5.38
9.33043098449707,36.24,-2.18,-5.95
9.341356992721558,36.24,-2.18,-5.95
9.354619026184082,33.93,-1.37,-6.7
9.36470890045166,33.93,-1.37,-6.7
9.377258062362671,33.93,-1.37,-6.7
9.390028953552246,29.7,-0.76,-7.33
9.40109395980835,29.7,-0.76,-7.33
9.41334080696106,26.17,-0.41,-7.51
9.423624038696289,26.17,-0.41,-7.51
9.436734914779663,23.48,0.13,-7.77
9.446927070617676,23.48,0.13,-7.77
9.458946943283081,23.48,0.13,-7.77
9.47046184539795,21.52,0.67,-8.22
9.482136964797974,21.52,0.67,-8.22
9.493925094604492,17.84,1.19,-8.71
9.506513833999634,17.84,1.19,-8.71
9.517765760421753,17.84,1.19,-8.71
9.530137062072754,15.62,1.47,-8.95
9.541114091873169,15.62,1.47,-8.95
9.553520917892456,12.88,2.12,-9.53
9.564774990081787,12.88,2.12,-9.53
9.575889110565186,10.4,2.79,-9.97
9.588505029678345,10.4,2.79,-9.97
9.599953889846802,10.4,2.79,-9.97
9.611150026321411,7.48,3.21,-10.2
9.622085094451904,7.48,3.21,-10.2
9.633411169052124,3.59,3.37,-9.71
9.645965099334717,3.59,3.37,-9.71
9.657660007476807,3.59,3.37,-9.71
9.67044997215271,1.12,3.36,-9.24
9.686476945877075,-1.9,3.06,-8.81
9.699032068252563,-1.9,3.06,-8.81
9.709319829940796,-1.9,3.06,-8.81
9.721635103225708,-5.33,2.78,-8.63
9.734182834625244,-5.33,2.78,-8.63
9.746942043304443,-7.7,2.32,-8.52
9.759166955947876,-7.7,2.32,-8.52
9.771965980529785,-8.73,2.18,-8.57
9.782341003417969,-8.73,2.18,-8.57
9.797127962112427,-10.08,2.33,-8.72
9.807665824890137,-10.08,2.33,-8.72
9.820227146148682,-10.08,2.33,-8.72
9.83124303817749,-11.16,2.51,-8.82
9.841806173324585,-11.16,2.51,-8.82
9.854240894317627,-12.0,2.62,-9.04
9.86465311050415,-12.0,2.62,-9.04
9.874799013137817,-12.0,2.62,-9.04
9.885163068771362,-12.19,2.73,-9.39
9.895596981048584,-12.19,2.73,-9.39
9.907886028289795,-12.14,2.73,-9.65
9.920401096343994,-12.14,2.73,-9.65
9.936327934265137,-12.08,2.65,-10.5
9.946906089782715,-12.08,2.65,-10.5
9.957150936126709,-12.08,2.65,-10.5
9.96931505203247,-12.07,2.6,-11.97
9.981888055801392,-12.07,2.6,-11.97
9.993542909622192,-11.98,2.53,-13.65
10.004611015319824,-11.98,2.53,-13.65
10.01570987701416,-11.98,2.53,-13.65
10.026101112365723,-11.58,2.48,-15.86
10.038082122802734,-11.58,2.48,-15.86
10.050880908966064,-11.42,2.27,-18.01
10.061753988265991,-11.42,2.27,-18.01
10.075658082962036,-11.54,2.14,-21.73
10.088222980499268,-11.54,2.14,-21.73
10.098819017410278,-11.54,2.14,-21.73
10.10922908782959,-11.42,1.87,-25.18
10.121170997619629,-11.42,1.87,-25.18
10.132864952087402,-11.14,1.37,-28.44
10.144491910934448,-11.14,1.37,-28.44
10.156688213348389,-11.14,1.37,-28.44
10.16742491722107,-10.77,-0.1,-31.98
10.17908000946045,-10.77,-0.1,-31.98
10.191515922546387,-10.66,-1.05,-34.16
10.203685760498047,-10.66,-1.05,-34.16
10.214332818984985,-10.66,-1.05,-34.16
10.224745988845825,-10.45,-2.46,-36.92
10.236694097518921,-10.45,-2.46,-36.92
10.247109174728394,-10.09,-3.98,-39.52
10.257225036621094,-10.09,-3.98,-39.52
10.272150993347168,-9.75,-5.32,-42.14
10.283405065536499,-9.75,-5.32,-42.14
10.296026945114136,-9.75,-5.32,-42.14
10.307408094406128,-9.64,-5.81,-43.37
10.319902896881104,-9.64,-5.81,-43.37
10.332827091217041,-9.5,-6.54,-44.47
10.344536066055298,-9.5,-6.54,-44.47
10.357363939285278,-9.56,-7.51,-45.58
10.369942903518677,-9.56,-7.51,-45.58
10.38273310661316,-9.62,-7.97,-46.18
10.393203020095825,-9.62,-7.97,-46.18
10.405683040618896,-9.62,-7.97,-46.18
10.41765308380127,-9.43,-7.62,-45.66
10.42851996421814,-9.43,-7.62,-45.66
10.43998098373413,-9.37,-7.34,-44.79
10.451801061630249,-9.37,-7.34,-44.79
10.464365005493164,-9.37,-7.34,-44.79
10.47639799118042,-9.48,-7.29,-43.34
10.48830509185791,-9.48,-7.29,-43.34
10.499770879745483,-9.5,-7.0,-41.22
10.510526895523071,-9.5,-7.0,-41.22
10.523298025131226,-9.07,-6.85,-38.28
10.535841941833496,-9.07,-6.85,-38.28
10.550626993179321,-8.42,-6.56,-35.32
10.563194036483765,-8.42,-6.56,-35.32
10.573516130447388,-8.42,-6.56,-35.32
10.584880828857422,-8.32,-6.18,-33.31
10.597470045089722,-8.32,-6.18,-33.31
10.608249187469482,-8.27,-4.98,-29.32
10.620819091796875,-8.27,-4.98,-29.32
10.632637023925781,-6.96,-4.57,-24.41
10.644519090652466,-6.96,-4.57,-24.41
10.65582013130188,-6.96,-4.57,-24.41
10.666204929351807,-5.39,-3.87,-20.01
10.678035020828247,-5.39,-3.87,-20.01
10.689420938491821,-5.07,-2.97,-17.8
10.700342893600464,-5.07,-2.97,-17.8
10.712159872055054,-5.07,-2.97,-17.8
10.722823858261108,-5.35,-1.32,-14.81
10.734834909439087,-5.35,-1.32,-14.81
10.747661113739014,-5.39,0.42,-11.41
10.758934020996094,-5.39,0.42,-11.41
10.771781206130981,-4.74,1.69,-7.53
10.784334897994995,-4.74,1.69,-7.53
10.79547381401062,-4.74,1.69,-7.53
10.808089017868042,-4.07,3.07,-3.75
10.819902896881104,-4.07,3.07,-3.75
10.831146001815796,-3.71,3.96,-1.55
10.842911005020142,-3.71,3.96,-1.55
10.854212045669556,-2.78,4.89,1.73
10.866774082183838,-2.78,4.89,1.73
10.8772611618042,-2.78,4.89,1.73
10.888240098953247,-1.22,5.14,5.08
10.900597095489502,-1.22,5.14,5.08
10.913129091262817,-0.1,5.45,8.09
10.92567491531372,-0.1,5.45,8.09
10.93648910522461,0.26,5.64,9.7
10.946983814239502,0.26,5.64,9.7
10.95760202407837,0.26,5.64,9.7
10.96926498413086,0.61,5.24,11.45
10.981882095336914,0.61,5.24,11.45
10.993352890014648,1.31,4.4,12.82
11.005398035049438,1.31,4.4,12.82
11.021548986434937,1.97,3.97,14.03
11.034059047698975,1.97,3.97,14.03
11.046815872192383,2.21,3.97,15.01
11.059376001358032,2.21,3.97,15.01
11.07084321975708,2.21,3.97,15.01
11.08285117149353,2.15,4.02,15.5
11.094948053359985,2.15,4.02,15.5
11.107280015945435,2.2,4.08,16.39
11.118214845657349,2.2,4.08,16.39
11.132150888442993,2.49,3.93,16.93
11.142560005187988,2.49,3.93,16.93
11.153122901916504,2.49,3.93,16.93
11.16504693031311,2.53,3.74,16.65
11.177601099014282,2.53,3.74,16.65
11.190371036529541,2.39,3.72,16.16
11.202013969421387,2.39,3.72,16.16
11.214443922042847,2.24,3.78,15.33
11.226999044418335,2.24,3.78,15.33
11.237879037857056,2.24,3.78,15.33
11.250622034072876,2.05,3.79,14.16
11.260816812515259,2.05,3.79,14.16
11.273553848266602,1.6,3.81,12.48
11.286123991012573,1.6,3.81,12.48
11.299973964691162,0.96,3.5,10.3
11.312539100646973,0.96,3.5,10.3
11.323755979537964,0.96,3.5,10.3
11.336506128311157,0.58,2.85,8.48
11.346917867660522,0.58,2.85,8.48
11.359205961227417,-0.02,1.57,4.8
11.371771812438965,-0.02,1.57,4.8
11.384567975997925,-0.78,0.66,0.78
11.395451068878174,-0.78,0.66,0.78
11.410633087158203,-1.6,-0.22,-2.32
11.422215938568115,-1.6,-0.22,-2.32
11.433077096939087,-1.6,-0.22,-2.32
11.444434881210327,-1.98,-0.84,-4.41
11.456998825073242,-1.98,-0.84,-4.41
11.467673063278198,-2.53,-1.54,-8.04
11.480263948440552,-2.53,-1.54,-8.04
11.492949962615967,-2.46,-2.06,-11.12
11.503201007843018,-2.46,-2.06,-11.12
11.515201091766357,-2.46,-2.06,-11.12
11.52757978439331,-1.59,-2.51,-13.15
11.538357973098755,-1.59,-2.51,-13.15
11.550303936004639,-0.15,-2.94,-14.29
11.561142921447754,-0.15,-2.94,-14.29
11.571836948394775,-0.15,-2.94,-14.29
11.583282947540283,1.06,-3.15,-14.62
11.595221996307373,1.06,-3.15,-14.62
11.606659173965454,3.56,-3.01,-15.01
11.61863088607788,3.56,-3.01,-15.01
11.631943941116333,6.66,-2.63,-15.02
11.643094062805176,6.66,-2.63,-15.02
11.655229091644287,6.66,-2.63,-15.02
11.666617155075073,8.6,-2.39,-14.69
11.678483009338379,8.6,-2.39,-14.69
11.689860105514526,9.31,-2.24,-14.36
11.702353954315186,9.31,-2.24,-14.36
11.714000940322876,10.27,-2.13,-13.87
11.725013971328735,10.27,-2.13,-13.87
11.735198974609375,10.27,-2.13,-13.87
11.745572090148926,10.52,-2.03,-13.57
11.7573881149292,10.52,-2.03,-13.57
11.77108097076416,9.47,-2.01,-13.44
11.782421112060547,9.47,-2.01,-13.44
